Iteration,Discriminator Loss,Generator Loss
0,17.991932,0.685087
10,0.560393,0.910638
20,0.197571,1.819550
30,0.080679,3.359438
40,0.347485,3.533734
50,0.476999,2.799560
60,0.574304,2.187714
70,0.691370,2.140455
80,0.737119,2.145023
